insert into institution (id, description, name) values (1,"pierwsza","OPP 1");
insert into institution (id, description, name) values (2,"druga","OPP 2");
insert into institution (id, description, name) values (3,"trzecia","OPP 3");
insert into category(id,name,description) values (1,"ubrania", "ubrania, których już nie używasz, a mogą się komuś przydać");
insert into category(id,name,description) values (2,"agd","sprzęt agd, który może się komuś przydać");
insert into donation(id,city,institution_id) values (1,"Kraków",1);
insert into donation(id,city,institution_id) values (2,"Kraków",2);
insert into donation(id,city,institution_id) values (3,"Katowice",1);
insert into donation(id,city,institution_id) values (4,"Wrocław",3);
insert into donation(id,city,institution_id) values (5,"Warszawa",2);
insert into donation(id,city,institution_id) values (6,"Gdańsk",3);
insert into donation(id,city,institution_id) values (7,"Kraków",1);
insert into donation_categories(donations_id,categories_id) values(1,1);
insert into donation_categories(donations_id,categories_id) values(1,2);
insert into donation_categories(donations_id,categories_id) values(2,1);
insert into donation_categories(donations_id,categories_id) values(2,2);
insert into donation_categories(donations_id,categories_id) values(3,1);
insert into donation_categories(donations_id,categories_id) values(3,2);
insert into donation_categories(donations_id,categories_id) values(4,1);
insert into donation_categories(donations_id,categories_id) values(4,2);
insert into donation_categories(donations_id,categories_id) values(5,1);
insert into donation_categories(donations_id,categories_id) values(5,2);
insert into donation_categories(donations_id,categories_id) values(6,1);
insert into donation_categories(donations_id,categories_id) values(7,2);